528_01.png, 3, 0, 0, 
614_02.png, 1, 3, 3, 
221_02.png, 0, 3, 3, 
858_10.png, 3, 0, 0, 
567_01.png, 3, 0, 1, 
723_01.png, 3, 0, 0, 
0003_02.png, 3, 0, 0, 
375_01.png, 2, 0, 1, 
529_01.png, 3, 0, 0, 
273_04.png, 0, 3, 3, 
329_04.png, 3, 1, 1, 
215_05.png, 2, 0, 1, 
0148_03.png, 0, 3, 3, 
273_02.png, 3, 0, 0, 
811_04.png, 2, 0, 0, 
0023_03.png, 2, 1, 1, 
395_02.png, 2, 0, 1, 
200_02.png, 0, 3, 3, 
0189_02.png, 2, 1, 1, 
282_02.png, 0, 3, 3, 
338_01.png, 3, 0, 0, 
340_05.png, 2, 0, 0, 
630_03.png, 2, 0, 0, 
203_02.png, 2, 0, 0, 
666_02.png, 3, 0, 1, 
0067_02.png, 3, 0, 1, 
319_03.png, 0, 3, 3, 
391_02.png, 3, 0, 1, 
846_02.png, 3, 0, 0, 
273_03.png, 3, 0, 0, 
294_04.png, 3, 0, 0, 
764_01.png, 1, 3, 3, 
357_02.png, 3, 1, 0, 
604_02.png, 3, 0, 0, 
445_01.png, 3, 1, 0, 
0042_04.png, 0, 3, 3, 
0038_02.png, 1, 3, 3, 
409_06.png, 3, 0, 0, 
0044_01.png, 0, 3, 3, 
412_02.png, 3, 0, 0, 
0023_04.png, 2, 1, 0, 
785_03.png, 2, 0, 0, 
349_02.png, 2, 1, 0, 
212_03.png, 0, 3, 3, 
508_03.png, 3, 0, 1, 
678_03.png, 3, 0, 1, 
353_05.png, 2, 0, 0, 
643_03.png, 3, 0, 0, 
551_01.png, 1, 3, 3, 
328_02.png, 3, 0, 1, 
623_01.png, 3, 0, 2, 
635_03.png, 3, 1, 1, 
342_08.png, 3, 0, 1, 
0175_02.png, 1, 3, 3, 
629_09.png, 3, 1, 2, 
472_01.png, 3, 0, 1, 
0108_04.png, 1, 3, 3, 
823_03.png, 3, 0, 0, 
824_02.png, 3, 1, 2, 
0067_03.png, 0, 3, 3, 
616_03.png, 3, 1, 0, 
837_02.png, 2, 0, 1, 
310_01.png, 3, 1, 1, 
579_01.png, 3, 1, 0, 
0190_07.png, 3, 0, 0, 
0079_01.png, 3, 0, 0, 
394_01.png, 3, 0, 0, 
0092_07.png, 3, 0, 1, 
638_01.png, 4, 0, 1, 
414_06.png, 3, 0, 0, 
0179_01.png, 4, 0, 0, 
0142_03.png, 3, 0, 1, 
481_01.png, 3, 0, 0, 
480_01.png, 3, 1, 0, 
384_03.png, 2, 0, 1, 
556_01.png, 3, 0, 1, 
330_01.png, 3, 0, 0, 
0147_04.png, 3, 0, 1, 
840_01.png, 3, 0, 0, 
0011_02.png, 0, 3, 3, 
655_03.png, 3, 0, 1, 
757_01.png, 4, 0, 0, 
444_01.png, 1, 3, 3, 
652_02.png, 3, 0, 0, 
240_03.png, 3, 0, 1, 
666_06.png, 3, 0, 0, 
0045_01.png, 2, 1, 1, 
0149_03.png, 0, 3, 3, 
643_01.png, 3, 0, 0, 
0187_01.png, 0, 3, 3, 
637_04.png, 2, 2, 1, 
649_07.png, 1, 3, 3, 
206_01.png, 3, 1, 0, 
298_02.png, 3, 0, 0, 
0036_05.png, 2, 1, 0, 
377_03.png, 3, 0, 1, 
679_01.png, 3, 0, 1, 
294_07.png, 3, 1, 0, 
781_05.png, 3, 1, 0, 
573_01.png, 0, 3, 3, 
741_02.png, 3, 1, 0, 
0163_01.png, 3, 0, 1, 
0068_03.png, 3, 0, 1, 
706_02.png, 3, 1, 0, 
444_02.png, 3, 0, 1, 
368_01.png, 3, 0, 0, 
0165_01.png, 1, 3, 3, 
0009_05.png, 0, 3, 3, 
232_01.png, 0, 3, 3, 
597_02.png, 2, 1, 0, 
260_01.png, 2, 0, 1, 
306_03.png, 3, 0, 0, 
0121_01.png, 3, 0, 0, 
325_03.png, 0, 3, 3, 
297_03.png, 1, 3, 3, 
758_03.png, 3, 0, 0, 
0106_01.png, 3, 1, 0, 
0003_03.png, 3, 0, 1, 
699_01.png, 3, 1, 1, 
271_02.png, 4, 0, 0, 
438_02.png, 3, 0, 0, 
528_06.png, 3, 0, 0, 
0175_05.png, 3, 1, 1, 
0194_03.png, 3, 0, 0, 
471_01.png, 3, 0, 0, 
818_01.png, 3, 0, 0, 
0168_04.png, 2, 1, 1, 
835_10.png, 3, 0, 0, 
626_07.png, 3, 0, 0, 
0092_09.png, 2, 1, 0, 
686_02.png, 1, 3, 3, 
856_02.png, 3, 0, 0, 
628_03.png, 2, 1, 0, 
731_03.png, 1, 3, 3, 
686_01.png, 3, 0, 0, 
790_02.png, 2, 0, 0, 
856_04.png, 3, 0, 0, 
550_01.png, 3, 0, 0, 
294_06.png, 2, 0, 0, 
0020_01.png, 1, 3, 3, 
636_07.png, 2, 0, 0, 
608_01.png, 2, 1, 0, 
408_01.png, 3, 0, 0, 
0018_01.png, 0, 3, 3, 
572_03.png, 2, 2, 1, 
754_01.png, 3, 0, 0, 
0014_02.png, 0, 3, 3, 
605_03.png, 3, 0, 0, 
711_01.png, 3, 0, 0, 
599_04.png, 3, 0, 0, 
0160_01.png, 0, 3, 3, 
300_06.png, 2, 1, 0, 
636_03.png, 1, 3, 3, 
344_02.png, 3, 0, 0, 
639_01.png, 1, 3, 3, 
614_03.png, 0, 3, 3, 
837_01.png, 3, 0, 1, 
0118_01.png, 4, 0, 0, 
0054_04.png, 4, 0, 0, 
406_03.png, 1, 3, 3, 
598_01.png, 3, 0, 0, 
0150_02.png, 3, 0, 1, 
791_01.png, 3, 0, 0, 
828_01.png, 3, 0, 0, 
617_03.png, 3, 0, 0, 
608_04.png, 3, 2, 1, 
639_05.png, 2, 0, 0, 
588_11.png, 3, 0, 0, 
559_01.png, 4, 1, 0, 
646_02.png, 4, 0, 0, 
344_01.png, 3, 0, 0, 
329_01.png, 3, 0, 0, 
586_02.png, 2, 0, 1, 
496_02.png, 0, 3, 3, 
501_01.png, 3, 0, 1, 
858_07.png, 4, 1, 0, 
439_06.png, 3, 0, 1, 
835_04.png, 3, 0, 0, 
0039_03.png, 0, 3, 3, 
202_04.png, 0, 3, 3, 
407_01.png, 2, 0, 0, 
609_01.png, 3, 1, 0, 
632_02.png, 2, 0, 0, 
0101_04.png, 3, 0, 0, 
705_01.png, 2, 0, 1, 
215_02.png, 4, 0, 0, 
277_01.png, 1, 3, 3, 
861_09.png, 3, 0, 0, 
542_02.png, 3, 0, 0, 
201_04.png, 2, 0, 1, 
406_06.png, 2, 0, 0, 
637_02.png, 3, 0, 0, 
649_01.png, 2, 0, 0, 
675_01.png, 0, 3, 3, 
0173_06.png, 3, 0, 1, 
776_01.png, 3, 0, 0, 
258_02.png, 3, 0, 1, 
439_02.png, 3, 0, 0, 
742_02.png, 3, 0, 1, 
354_01.png, 3, 0, 0, 
0172_02.png, 4, 1, 1, 
0122_01.png, 4, 0, 0, 
388_03.png, 3, 0, 0, 
371_03.png, 3, 0, 0, 
689_02.png, 3, 0, 1, 
0197_03.png, 0, 3, 3, 
836_05.png, 4, 0, 0, 
377_04.png, 0, 3, 3, 
533_03.png, 3, 0, 1, 
784_01.png, 3, 1, 0, 
856_01.png, 4, 0, 0, 
0163_03.png, 2, 1, 1, 
481_02.png, 4, 0, 0, 
424_01.png, 3, 0, 0, 
698_02.png, 2, 0, 1, 
636_08.png, 2, 0, 1, 
247_04.png, 2, 0, 1, 
442_02.png, 3, 0, 1, 
792_01.png, 2, 1, 0, 
252_01.png, 1, 3, 3, 
285_02.png, 3, 0, 0, 
533_02.png, 3, 1, 0, 
824_03.png, 2, 0, 0, 
619_01.png, 2, 0, 2, 
437_02.png, 2, 1, 0, 
0005_07.png, 3, 1, 0, 
778_01.png, 4, 0, 0, 
276_03.png, 2, 0, 0, 
843_01.png, 3, 0, 0, 
539_01.png, 3, 0, 0, 
433_03.png, 3, 0, 0, 
0177_01.png, 3, 1, 1, 
421_07.png, 3, 0, 0, 
550_02.png, 0, 3, 3, 
262_02.png, 3, 0, 0, 
450_01.png, 0, 3, 3, 
0069_01.png, 2, 0, 1, 
235_01.png, 2, 0, 0, 
0185_01.png, 3, 0, 1, 
787_01.png, 1, 3, 3, 
278_01.png, 0, 3, 3, 
666_05.png, 3, 0, 0, 
338_03.png, 0, 3, 3, 
523_03.png, 2, 1, 0, 
547_04.png, 2, 0, 0, 
210_02.png, 3, 0, 0, 
401_03.png, 3, 0, 0, 
728_02.png, 0, 3, 3, 
0058_01.png, 3, 0, 0, 
554_05.png, 0, 3, 3, 
603_08.png, 3, 0, 0, 
268_02.png, 3, 1, 1, 
439_04.png, 0, 3, 3, 
496_03.png, 0, 3, 3, 
746_01.png, 0, 3, 3, 
664_01.png, 4, 0, 0, 
0111_01.png, 3, 0, 0, 
326_01.png, 3, 0, 0, 
421_04.png, 3, 0, 0, 
844_02.png, 3, 0, 0, 
0027_01.png, 2, 1, 0, 
478_01.png, 3, 0, 0, 
447_01.png, 2, 2, 0, 
736_01.png, 2, 0, 0, 
371_01.png, 3, 0, 0, 
202_03.png, 0, 3, 3, 
398_01.png, 3, 1, 0, 
674_01.png, 3, 0, 0, 
484_02.png, 3, 0, 0, 
304_02.png, 2, 0, 1, 
442_03.png, 0, 3, 3, 
520_01.png, 3, 0, 0, 
513_02.png, 2, 0, 0, 
387_01.png, 3, 0, 0, 
345_02.png, 2, 0, 0, 
830_02.png, 3, 0, 0, 
454_01.png, 2, 0, 0, 
858_05.png, 3, 0, 0, 
660_01.png, 3, 0, 1, 
0164_01.png, 3, 0, 1, 
271_01.png, 2, 0, 0, 
0158_01.png, 3, 0, 0, 
0182_02.png, 3, 1, 1, 
0072_01.png, 3, 1, 0, 
407_03.png, 1, 3, 3, 
798_02.png, 3, 0, 0, 
0173_04.png, 3, 0, 1, 
354_02.png, 3, 0, 1, 
735_01.png, 3, 0, 0, 
834_02.png, 3, 0, 0, 
237_06.png, 3, 0, 0, 
554_04.png, 3, 1, 2, 
220_01.png, 3, 0, 0, 
0022_02.png, 1, 3, 3, 
0160_02.png, 1, 3, 3, 
209_02.png, 2, 2, 1, 
578_01.png, 3, 0, 0, 
508_04.png, 2, 1, 1, 
595_01.png, 1, 3, 3, 
704_01.png, 3, 0, 0, 
421_06.png, 3, 0, 0, 
0034_01.png, 3, 0, 1, 
833_02.png, 4, 0, 1, 
430_01.png, 0, 3, 3, 
767_01.png, 4, 0, 0, 
554_01.png, 3, 0, 0, 
773_01.png, 3, 0, 0, 
381_03.png, 4, 0, 0, 
640_02.png, 3, 0, 1, 
587_01.png, 0, 3, 3, 
0151_03.png, 0, 3, 3, 
501_04.png, 1, 3, 3, 
588_03.png, 3, 0, 0, 
0195_03.png, 1, 3, 3, 
202_05.png, 1, 3, 3, 
662_02.png, 2, 1, 2, 
383_04.png, 2, 0, 1, 
759_03.png, 2, 0, 0, 
475_07.png, 3, 0, 0, 
309_04.png, 3, 0, 0, 
646_01.png, 3, 0, 1, 
0190_04.png, 2, 0, 0, 
372_06.png, 3, 0, 0, 
0136_02.png, 3, 1, 1, 
370_01.png, 4, 0, 0, 
258_04.png, 2, 0, 0, 
0009_03.png, 3, 1, 1, 
529_04.png, 3, 0, 0, 
0156_03.png, 3, 0, 0, 
203_03.png, 3, 0, 1, 
483_03.png, 3, 0, 0, 
441_01.png, 0, 3, 3, 
734_01.png, 3, 0, 1, 
0039_01.png, 2, 0, 1, 
417_01.png, 4, 0, 0, 
606_03.png, 3, 0, 0, 
258_01.png, 3, 0, 1, 
0151_04.png, 3, 1, 0, 
0046_05.png, 3, 1, 1, 
0037_01.png, 3, 0, 0, 
0159_01.png, 1, 3, 3, 
234_01.png, 1, 3, 3, 
347_02.png, 3, 1, 0, 
467_03.png, 3, 0, 0, 
522_01.png, 1, 3, 3, 
569_03.png, 0, 3, 3, 
860_02.png, 3, 0, 1, 
0126_10.png, 2, 1, 1, 
293_06.png, 3, 1, 0, 
482_01.png, 1, 3, 3, 
211_03.png, 3, 1, 0, 
712_02.png, 3, 0, 0, 
254_01.png, 0, 3, 3, 
0063_01.png, 2, 0, 1, 
0178_01.png, 3, 1, 1, 
607_02.png, 2, 0, 0, 
463_05.png, 3, 0, 0, 
0029_01.png, 1, 3, 3, 
515_02.png, 2, 1, 1, 
306_01.png, 3, 0, 1, 
456_06.png, 3, 0, 0, 
628_04.png, 1, 3, 3, 
553_06.png, 2, 0, 1, 
413_01.png, 3, 0, 0, 
0126_01.png, 3, 0, 0, 
267_01.png, 0, 3, 3, 
436_01.png, 3, 0, 0, 
604_01.png, 4, 0, 0, 
555_01.png, 0, 3, 3, 
0146_01.png, 3, 1, 1, 
518_01.png, 2, 0, 0, 
0019_02.png, 2, 0, 0, 
386_01.png, 3, 1, 0, 
0156_04.png, 3, 1, 0, 
690_02.png, 2, 0, 1, 
374_03.png, 1, 3, 3, 
623_02.png, 3, 0, 0, 
436_02.png, 3, 0, 0, 
311_01.png, 3, 0, 1, 
463_04.png, 3, 0, 0, 
0192_01.png, 3, 1, 0, 
514_01.png, 2, 0, 1, 
434_04.png, 2, 0, 0, 
0149_02.png, 1, 3, 3, 
393_06.png, 3, 0, 0, 
473_01.png, 2, 1, 0, 
0019_04.png, 2, 1, 2, 
530_01.png, 3, 1, 0, 
631_02.png, 3, 0, 0, 
809_01.png, 3, 0, 0, 
767_03.png, 3, 0, 0, 
748_01.png, 3, 1, 1, 
521_02.png, 2, 0, 0, 
853_01.png, 3, 0, 0, 
300_07.png, 2, 0, 1, 
329_02.png, 4, 0, 0, 
342_01.png, 3, 0, 0, 
0169_02.png, 2, 2, 1, 
0136_03.png, 4, 0, 0, 
0093_02.png, 3, 0, 0, 
347_03.png, 3, 0, 1, 
211_05.png, 3, 0, 1, 
210_06.png, 3, 0, 1, 
365_01.png, 3, 0, 1, 
624_02.png, 4, 0, 1, 
430_02.png, 2, 1, 0, 
281_01.png, 1, 3, 3, 
241_02.png, 0, 3, 3, 
0095_02.png, 3, 1, 0, 
294_05.png, 4, 0, 0, 
458_04.png, 3, 1, 0, 
0089_01.png, 3, 0, 1, 
858_06.png, 3, 0, 0, 
0137_01.png, 3, 0, 0, 
516_02.png, 3, 0, 0, 
0169_05.png, 3, 0, 0, 
689_01.png, 3, 1, 0, 
420_08.png, 3, 0, 0, 
0005_03.png, 0, 3, 3, 
0001_01.png, 1, 3, 3, 
0005_05.png, 3, 0, 0, 
753_05.png, 2, 0, 1, 
212_01.png, 1, 3, 3, 
408_02.png, 0, 3, 3, 
284_02.png, 3, 0, 1, 
0042_02.png, 1, 3, 3, 
414_01.png, 4, 0, 0, 
291_01.png, 3, 0, 0, 
0116_02.png, 3, 1, 1, 
333_01.png, 2, 1, 0, 
632_01.png, 2, 0, 0, 
474_02.png, 2, 0, 1, 
495_03.png, 3, 0, 2, 
804_01.png, 3, 0, 0, 
299_01.png, 2, 0, 1, 
785_02.png, 2, 1, 0, 
217_02.png, 3, 0, 0, 
316_01.png, 3, 0, 0, 
489_01.png, 3, 0, 0, 
0083_04.png, 2, 2, 1, 
857_01.png, 3, 0, 0, 
690_01.png, 3, 0, 0, 
0181_03.png, 3, 0, 1, 
655_02.png, 3, 1, 0, 
0080_03.png, 3, 0, 1, 
0005_02.png, 2, 1, 0, 
0169_01.png, 4, 1, 1, 
493_01.png, 3, 0, 0, 
772_01.png, 1, 3, 3, 
610_01.png, 4, 0, 0, 
544_02.png, 2, 0, 2, 
0168_06.png, 3, 0, 0, 
390_04.png, 2, 0, 0, 
0086_02.png, 3, 0, 0, 
763_01.png, 3, 0, 1, 
844_01.png, 3, 0, 0, 
614_01.png, 0, 3, 3, 
642_04.png, 3, 0, 0, 
496_04.png, 0, 3, 3, 
640_04.png, 4, 0, 0, 
0169_04.png, 3, 0, 1, 
0195_02.png, 3, 1, 1, 
0057_05.png, 3, 0, 1, 
240_02.png, 3, 0, 1, 
848_03.png, 3, 0, 0, 
393_05.png, 2, 0, 0, 
523_01.png, 3, 1, 0, 
664_02.png, 0, 3, 3, 
421_01.png, 3, 0, 0, 
392_07.png, 2, 0, 0, 
710_06.png, 3, 0, 0, 
581_01.png, 3, 0, 0, 
495_01.png, 3, 0, 0, 
602_04.png, 3, 1, 2, 
0195_01.png, 3, 0, 0, 
603_06.png, 3, 0, 0, 
0031_02.png, 0, 3, 3, 
393_01.png, 3, 0, 0, 
528_05.png, 4, 1, 0, 
550_03.png, 3, 0, 0, 
0042_01.png, 3, 0, 1, 
692_01.png, 2, 0, 0, 
566_01.png, 3, 0, 0, 
215_04.png, 3, 0, 1, 
0007_01.png, 3, 0, 0, 
202_06.png, 1, 3, 3, 
353_02.png, 3, 0, 0, 
340_01.png, 2, 0, 1, 
0116_04.png, 3, 0, 0, 
468_01.png, 3, 0, 0, 
0053_02.png, 0, 3, 3, 
766_01.png, 2, 2, 0, 
303_04.png, 4, 0, 1, 
384_05.png, 3, 0, 1, 
0010_02.png, 0, 3, 3, 
708_01.png, 3, 0, 0, 
499_02.png, 2, 0, 0, 
0066_01.png, 3, 0, 0, 
616_02.png, 1, 3, 3, 
216_04.png, 3, 0, 0, 
0127_01.png, 3, 0, 0, 
0046_06.png, 3, 0, 1, 
626_09.png, 1, 3, 3, 
736_02.png, 2, 0, 1, 
654_02.png, 1, 3, 3, 
598_02.png, 3, 1, 1, 
831_01.png, 3, 1, 0, 
792_03.png, 0, 3, 3, 
395_01.png, 3, 0, 0, 
0050_01.png, 3, 0, 1, 
717_01.png, 1, 3, 3, 
221_08.png, 3, 0, 0, 
836_02.png, 2, 0, 0, 
346_01.png, 3, 0, 1, 
0142_05.png, 3, 1, 1, 
200_05.png, 2, 0, 0, 
239_01.png, 1, 3, 3, 
0100_02.png, 3, 0, 1, 
807_01.png, 1, 3, 3, 
331_04.png, 3, 0, 0, 
290_01.png, 3, 0, 0, 
0176_03.png, 3, 1, 1, 
327_01.png, 4, 0, 0, 
419_01.png, 3, 0, 0, 
845_02.png, 3, 0, 1, 
714_02.png, 2, 1, 0, 
498_01.png, 3, 0, 0, 
294_02.png, 3, 0, 0, 
456_07.png, 3, 0, 0, 
339_01.png, 4, 0, 1, 
648_04.png, 3, 0, 0, 
649_02.png, 2, 0, 0, 
331_01.png, 3, 0, 0, 
816_01.png, 2, 1, 0, 
558_03.png, 3, 2, 0, 
411_03.png, 3, 0, 2, 
203_04.png, 2, 0, 1, 
242_02.png, 2, 0, 1, 
728_04.png, 3, 0, 1, 
624_03.png, 4, 1, 0, 
253_01.png, 1, 3, 3, 
405_01.png, 4, 0, 0, 
414_10.png, 3, 0, 0, 
850_01.png, 1, 3, 3, 
315_01.png, 4, 0, 0, 
543_02.png, 3, 0, 1, 
558_04.png, 3, 1, 1, 
0135_01.png, 3, 0, 0, 
756_02.png, 1, 3, 3, 
0060_01.png, 3, 0, 0, 
309_01.png, 4, 0, 0, 
200_04.png, 3, 0, 0, 
332_01.png, 1, 3, 3, 
596_01.png, 3, 0, 1, 
666_04.png, 2, 0, 1, 
456_02.png, 1, 3, 3, 
221_03.png, 0, 3, 3, 
768_01.png, 1, 3, 3, 
235_02.png, 2, 0, 0, 
0054_05.png, 3, 0, 1, 
0028_01.png, 0, 3, 3, 
496_01.png, 4, 0, 0, 
0091_01.png, 4, 0, 0, 
636_02.png, 2, 0, 0, 
0008_01.png, 2, 0, 0, 
751_01.png, 4, 0, 0, 
0186_01.png, 3, 0, 1, 
847_02.png, 2, 1, 1, 
743_01.png, 3, 0, 0, 
599_01.png, 1, 3, 3, 
419_02.png, 2, 1, 0, 
657_05.png, 3, 0, 1, 
257_04.png, 0, 3, 3, 
842_03.png, 2, 1, 1, 
0055_01.png, 2, 0, 1, 
257_03.png, 0, 3, 3, 
0110_03.png, 3, 0, 0, 
701_01.png, 4, 0, 0, 
836_03.png, 3, 0, 0, 
693_01.png, 3, 0, 1, 
0065_04.png, 3, 0, 0, 
693_02.png, 1, 3, 3, 
0156_02.png, 3, 0, 0, 
558_01.png, 3, 0, 0, 
388_02.png, 3, 0, 0, 
0087_02.png, 3, 0, 2, 
443_05.png, 3, 1, 2, 
0181_02.png, 3, 0, 1, 
0012_02.png, 0, 3, 3, 
835_02.png, 3, 0, 1, 
411_04.png, 2, 0, 1, 
293_02.png, 3, 0, 0, 
0175_03.png, 2, 1, 1, 
502_02.png, 4, 0, 0, 
627_02.png, 2, 0, 0, 
0051_03.png, 1, 3, 3, 
0147_02.png, 3, 0, 1, 
311_02.png, 4, 1, 2, 
0112_02.png, 2, 1, 1, 
490_01.png, 3, 0, 0, 
0013_03.png, 0, 3, 3, 
528_02.png, 3, 0, 1, 
0093_01.png, 3, 0, 0, 
535_04.png, 3, 0, 1, 
681_01.png, 3, 0, 0, 
507_02.png, 3, 0, 1, 
351_02.png, 3, 1, 0, 
0172_03.png, 3, 0, 1, 
491_01.png, 3, 0, 0, 
283_04.png, 2, 0, 1, 
601_01.png, 0, 3, 3, 
636_09.png, 3, 0, 1, 
797_01.png, 3, 0, 0, 
354_03.png, 3, 0, 0, 
300_04.png, 2, 0, 1, 
0191_01.png, 0, 3, 3, 
283_03.png, 2, 0, 2, 
247_02.png, 0, 3, 3, 
648_02.png, 3, 0, 0, 
0004_01.png, 2, 0, 0, 
283_02.png, 3, 0, 0, 
0071_01.png, 3, 0, 0, 
502_01.png, 3, 0, 0, 
629_04.png, 3, 0, 0, 
202_07.png, 2, 0, 0, 
0024_01.png, 2, 1, 1, 
724_03.png, 3, 0, 0, 
674_02.png, 2, 0, 1, 
293_05.png, 1, 3, 3, 
637_01.png, 3, 0, 0, 
0182_03.png, 3, 0, 0, 
466_02.png, 2, 1, 1, 
439_03.png, 0, 3, 3, 
547_01.png, 3, 0, 1, 
213_01.png, 3, 1, 0, 
742_01.png, 3, 0, 0, 
436_05.png, 3, 1, 0, 
652_04.png, 3, 0, 0, 
841_02.png, 3, 0, 0, 
730_01.png, 3, 1, 1, 
369_04.png, 3, 0, 0, 
0103_01.png, 4, 0, 1, 
0025_04.png, 0, 3, 3, 
0037_04.png, 0, 3, 3, 
648_01.png, 3, 1, 0, 
411_02.png, 3, 2, 1, 
851_02.png, 3, 0, 1, 
547_03.png, 3, 0, 1, 
0092_03.png, 4, 0, 0, 
273_01.png, 1, 3, 3, 
214_04.png, 2, 0, 0, 
322_01.png, 0, 3, 3, 
331_02.png, 3, 0, 0, 
475_01.png, 3, 0, 0, 
772_02.png, 2, 0, 0, 
821_01.png, 3, 0, 0, 
626_02.png, 1, 3, 3, 
0109_01.png, 3, 0, 1, 
0126_04.png, 3, 1, 1, 
521_01.png, 0, 3, 3, 
719_01.png, 3, 0, 0, 
469_02.png, 2, 1, 0, 
0161_01.png, 3, 1, 1, 
430_06.png, 3, 0, 0, 
465_02.png, 3, 0, 0, 
658_02.png, 4, 0, 0, 
548_02.png, 2, 2, 0, 
341_03.png, 1, 3, 3, 
0063_07.png, 3, 0, 0, 
779_01.png, 3, 0, 1, 
560_01.png, 2, 0, 0, 
0168_03.png, 2, 1, 1, 
321_04.png, 3, 0, 1, 
275_01.png, 4, 0, 0, 
0136_01.png, 3, 0, 0, 
537_01.png, 3, 0, 0, 
707_01.png, 3, 1, 0, 
286_03.png, 3, 1, 0, 
583_01.png, 2, 1, 0, 
437_04.png, 4, 0, 0, 
368_05.png, 2, 0, 0, 
303_02.png, 3, 0, 0, 
268_03.png, 0, 3, 3, 
363_01.png, 3, 0, 0, 
796_01.png, 2, 0, 0, 
588_10.png, 3, 1, 0, 
366_02.png, 3, 0, 0, 
752_01.png, 3, 0, 0, 
680_02.png, 3, 0, 1, 
0108_01.png, 4, 1, 1, 
505_01.png, 3, 1, 0, 
0058_04.png, 4, 0, 1, 
815_01.png, 3, 0, 0, 
571_02.png, 0, 3, 3, 
731_02.png, 3, 0, 1, 
421_05.png, 3, 0, 1, 
363_04.png, 1, 3, 3, 
266_03.png, 3, 0, 2, 
409_02.png, 3, 0, 0, 
489_03.png, 2, 0, 0, 
721_02.png, 3, 0, 0, 
700_01.png, 1, 3, 3, 
244_02.png, 4, 1, 1, 
358_02.png, 3, 0, 0, 
318_01.png, 3, 0, 1, 
460_01.png, 2, 0, 0, 
467_04.png, 3, 1, 0, 
667_01.png, 2, 1, 1, 
652_01.png, 3, 0, 0, 
547_02.png, 3, 1, 0, 
583_02.png, 3, 0, 0, 
327_04.png, 3, 0, 0, 
0172_01.png, 4, 0, 0, 
0148_01.png, 3, 0, 0, 
717_02.png, 1, 3, 3, 
0130_04.png, 1, 3, 3, 
645_01.png, 3, 0, 0, 
354_05.png, 1, 3, 3, 
272_01.png, 1, 3, 3, 
0090_03.png, 3, 0, 1, 
835_08.png, 4, 1, 0, 
216_01.png, 3, 0, 0, 
297_05.png, 2, 0, 1, 
498_02.png, 4, 0, 0, 
673_01.png, 0, 3, 3, 
692_02.png, 1, 3, 3, 
703_01.png, 3, 0, 0, 
646_04.png, 2, 0, 1, 
279_02.png, 2, 1, 0, 
507_03.png, 3, 1, 0, 
310_03.png, 3, 0, 1, 
0142_01.png, 2, 1, 1, 
208_03.png, 3, 0, 0, 
607_07.png, 3, 1, 0, 
830_01.png, 3, 1, 0, 
369_02.png, 3, 0, 0, 
333_03.png, 3, 1, 1, 
0092_04.png, 3, 0, 0, 
618_03.png, 1, 3, 3, 
617_04.png, 0, 3, 3, 
0190_03.png, 3, 0, 0, 
485_02.png, 3, 1, 0, 
657_01.png, 2, 0, 0, 
588_05.png, 3, 0, 1, 
769_01.png, 3, 0, 0, 
624_04.png, 4, 0, 2, 
750_02.png, 3, 0, 0, 
312_01.png, 0, 3, 3, 
0139_03.png, 3, 0, 2, 
827_01.png, 4, 0, 0, 
0063_04.png, 2, 1, 1, 
270_02.png, 0, 3, 3, 
670_01.png, 3, 0, 1, 
351_01.png, 3, 0, 0, 
289_01.png, 3, 0, 0, 
513_03.png, 3, 0, 0, 
563_02.png, 3, 0, 0, 
0023_01.png, 3, 0, 1, 
721_03.png, 3, 0, 0, 
504_02.png, 3, 1, 0, 
750_01.png, 3, 0, 0, 
627_01.png, 1, 3, 3, 
390_02.png, 3, 0, 0, 
642_01.png, 2, 1, 0, 
336_02.png, 3, 0, 0, 
536_01.png, 2, 0, 0, 
431_02.png, 2, 0, 1, 
588_04.png, 3, 1, 1, 
648_05.png, 3, 0, 0, 
811_01.png, 3, 0, 0, 
434_02.png, 0, 3, 3, 
301_04.png, 3, 0, 0, 
615_03.png, 1, 3, 3, 
377_01.png, 3, 0, 1, 
0101_03.png, 3, 0, 0, 
726_03.png, 2, 0, 0, 
393_09.png, 3, 0, 0, 
432_03.png, 2, 1, 0, 
0066_04.png, 2, 0, 0, 
0126_02.png, 3, 0, 0, 
0145_02.png, 4, 0, 0, 
203_01.png, 0, 3, 3, 
438_01.png, 3, 0, 0, 
296_01.png, 3, 0, 0, 
0051_01.png, 2, 0, 2, 
384_01.png, 3, 0, 0, 
247_01.png, 2, 0, 0, 
0071_02.png, 2, 0, 0, 
212_05.png, 3, 0, 0, 
0036_03.png, 1, 3, 3, 
803_01.png, 3, 0, 0, 
457_03.png, 3, 0, 0, 
291_03.png, 0, 3, 3, 
0117_01.png, 3, 0, 0, 
589_03.png, 4, 0, 0, 
601_02.png, 1, 3, 3, 
574_02.png, 1, 3, 3, 
512_02.png, 3, 0, 0, 
507_05.png, 1, 3, 3, 
628_08.png, 3, 0, 0, 
822_01.png, 2, 0, 0, 
658_08.png, 3, 0, 0, 
292_03.png, 3, 1, 1, 
302_04.png, 3, 0, 0, 
0074_02.png, 2, 0, 0, 
850_02.png, 1, 3, 3, 
853_02.png, 2, 0, 0, 
715_03.png, 3, 0, 0, 
748_02.png, 3, 1, 0, 
0176_01.png, 3, 0, 0, 
449_01.png, 3, 2, 1, 
276_02.png, 3, 0, 1, 
0003_01.png, 2, 0, 1, 
350_01.png, 3, 0, 0, 
660_03.png, 0, 3, 3, 
374_02.png, 1, 3, 3, 
496_05.png, 3, 0, 0, 
0077_02.png, 2, 0, 1, 
842_02.png, 3, 0, 0, 
753_04.png, 3, 0, 0, 
208_04.png, 4, 0, 0, 
628_07.png, 1, 3, 3, 
0129_01.png, 1, 3, 3, 
0115_01.png, 3, 0, 2, 
474_04.png, 3, 0, 1, 
0168_02.png, 2, 0, 1, 
284_01.png, 3, 0, 1, 
469_03.png, 2, 0, 1, 
781_01.png, 3, 0, 0, 
420_04.png, 2, 0, 0, 
325_01.png, 3, 0, 0, 
381_02.png, 2, 0, 1, 
434_05.png, 0, 3, 3, 
436_04.png, 2, 0, 0, 
346_04.png, 2, 0, 0, 
261_04.png, 3, 1, 0, 
775_02.png, 3, 0, 0, 
602_02.png, 3, 1, 0, 
845_01.png, 3, 0, 0, 
0047_03.png, 3, 0, 1, 
241_04.png, 1, 3, 3, 
628_02.png, 2, 0, 0, 
0125_01.png, 2, 0, 1, 
0153_02.png, 3, 0, 0, 
265_01.png, 3, 0, 0, 
0052_02.png, 2, 1, 0, 
401_01.png, 3, 0, 0, 
658_07.png, 3, 0, 0, 
0184_01.png, 3, 0, 0, 
0061_01.png, 4, 0, 0, 
372_02.png, 0, 3, 3, 
264_01.png, 0, 3, 3, 
740_01.png, 3, 0, 0, 
625_01.png, 3, 0, 1, 
463_03.png, 3, 0, 1, 
781_02.png, 3, 0, 0, 
219_01.png, 3, 0, 1, 
732_02.png, 3, 0, 1, 
430_08.png, 3, 0, 0, 
808_02.png, 3, 0, 0, 
0126_07.png, 3, 0, 0, 
829_01.png, 3, 0, 0, 
846_03.png, 0, 3, 3, 
418_01.png, 3, 0, 0, 
0056_01.png, 3, 0, 0, 
507_04.png, 1, 3, 3, 
0190_05.png, 3, 0, 1, 
276_01.png, 4, 0, 1, 
0005_01.png, 3, 0, 0, 
0084_02.png, 3, 0, 1, 
256_04.png, 3, 0, 0, 
464_01.png, 2, 0, 0, 
250_01.png, 1, 3, 3, 
262_01.png, 3, 0, 0, 
0197_04.png, 1, 3, 3, 
603_09.png, 3, 0, 1, 
352_05.png, 2, 1, 0, 
427_01.png, 3, 0, 0, 
790_01.png, 3, 0, 0, 
581_02.png, 3, 1, 1, 
749_01.png, 4, 0, 0, 
616_04.png, 0, 3, 3, 
381_01.png, 4, 0, 0, 
678_01.png, 3, 0, 1, 
569_01.png, 0, 3, 3, 
626_04.png, 2, 1, 0, 
327_06.png, 3, 0, 0, 
210_03.png, 3, 0, 0, 
0051_04.png, 2, 0, 1, 
815_02.png, 3, 0, 0, 
437_03.png, 0, 3, 3, 
212_02.png, 1, 3, 3, 
0019_01.png, 1, 3, 3, 
405_05.png, 2, 0, 1, 
629_08.png, 3, 0, 1, 
440_02.png, 3, 0, 0, 
372_03.png, 3, 0, 0, 
756_01.png, 3, 0, 0, 
646_05.png, 2, 1, 1, 
772_03.png, 2, 0, 0, 
241_03.png, 3, 0, 0, 
0157_02.png, 3, 0, 0, 
324_01.png, 4, 0, 0, 
590_01.png, 3, 1, 0, 
702_01.png, 2, 1, 0, 
0194_01.png, 3, 0, 0, 
0114_03.png, 2, 1, 0, 
657_02.png, 2, 0, 0, 
0112_01.png, 4, 0, 0, 
615_01.png, 3, 0, 1, 
629_06.png, 1, 3, 3, 
357_01.png, 3, 0, 0, 
310_02.png, 3, 0, 0, 
397_01.png, 2, 0, 0, 
641_01.png, 3, 0, 0, 
399_01.png, 3, 1, 0, 
744_01.png, 2, 0, 1, 
291_02.png, 2, 1, 0, 
313_02.png, 1, 3, 3, 
495_04.png, 3, 1, 1, 
533_01.png, 3, 0, 0, 
362_04.png, 3, 0, 0, 
207_02.png, 0, 3, 3, 
824_05.png, 3, 0, 0, 
563_01.png, 3, 0, 0, 
511_01.png, 4, 0, 0, 
654_01.png, 3, 1, 2, 
599_03.png, 3, 1, 0, 
0192_02.png, 1, 3, 3, 
294_08.png, 3, 0, 0, 
835_03.png, 3, 0, 0, 
0164_02.png, 3, 1, 1, 
221_05.png, 0, 3, 3, 
355_01.png, 4, 0, 0, 
622_02.png, 1, 3, 3, 
639_07.png, 3, 0, 0, 
759_02.png, 3, 0, 0, 
832_01.png, 3, 0, 0, 
407_02.png, 3, 0, 1, 
557_02.png, 0, 3, 3, 
0025_05.png, 3, 0, 0, 
0079_02.png, 2, 1, 1, 
697_02.png, 0, 3, 3, 
841_03.png, 3, 1, 1, 
463_01.png, 2, 0, 0, 
0197_01.png, 3, 0, 0, 
309_03.png, 3, 0, 1, 
342_04.png, 0, 3, 3, 
275_03.png, 2, 0, 1, 
500_01.png, 3, 1, 0, 
441_02.png, 2, 0, 0, 
0057_06.png, 1, 3, 3, 
477_02.png, 1, 3, 3, 
0101_02.png, 3, 0, 0, 
431_01.png, 2, 1, 0, 
631_03.png, 3, 0, 0, 
221_09.png, 3, 0, 1, 
687_03.png, 0, 3, 3, 
0025_03.png, 0, 3, 3, 
773_02.png, 2, 1, 1, 
356_01.png, 4, 0, 0, 
631_08.png, 3, 1, 1, 
610_03.png, 2, 1, 0, 
0102_01.png, 4, 1, 1, 
588_06.png, 3, 1, 2, 
548_01.png, 4, 0, 0, 
0038_04.png, 0, 3, 3, 
753_03.png, 2, 0, 1, 
570_01.png, 3, 0, 0, 
649_04.png, 2, 0, 0, 
369_03.png, 3, 0, 0, 
423_01.png, 3, 0, 0, 
861_06.png, 3, 0, 0, 
838_02.png, 4, 0, 0, 
216_02.png, 3, 0, 1, 
712_01.png, 3, 0, 0, 
695_01.png, 2, 0, 1, 
680_01.png, 2, 0, 0, 
0010_03.png, 0, 3, 3, 
605_04.png, 3, 0, 0, 
0067_01.png, 1, 3, 3, 
361_03.png, 1, 3, 3, 
241_01.png, 2, 0, 0, 
447_02.png, 3, 0, 1, 
773_04.png, 2, 1, 0, 
462_01.png, 0, 3, 3, 
0002_01.png, 1, 3, 3, 
488_02.png, 2, 0, 1, 
0030_01.png, 1, 3, 3, 
674_03.png, 0, 3, 3, 
380_01.png, 2, 0, 0, 
0090_02.png, 3, 0, 0, 
640_01.png, 2, 0, 0, 
324_05.png, 3, 0, 0, 
647_02.png, 4, 0, 0, 
369_06.png, 0, 3, 3, 
296_02.png, 3, 0, 1, 
389_01.png, 3, 0, 1, 
668_02.png, 3, 0, 0, 
541_01.png, 2, 1, 2, 
0043_01.png, 1, 3, 3, 
588_08.png, 1, 3, 3, 
391_01.png, 3, 0, 0, 
432_04.png, 0, 3, 3, 
618_04.png, 0, 3, 3, 
352_01.png, 3, 0, 1, 
657_06.png, 3, 1, 0, 
713_01.png, 3, 0, 0, 
566_02.png, 0, 3, 3, 
324_04.png, 2, 0, 1, 
0133_01.png, 3, 0, 1, 
520_04.png, 3, 0, 0, 
202_02.png, 0, 3, 3, 
843_02.png, 2, 1, 0, 
611_01.png, 2, 0, 0, 
833_01.png, 1, 3, 3, 
0040_01.png, 2, 1, 0, 
0005_06.png, 3, 0, 0, 
410_01.png, 3, 0, 0, 
350_02.png, 2, 0, 0, 
0155_02.png, 3, 1, 1, 
726_02.png, 4, 0, 0, 
630_02.png, 1, 3, 3, 
0051_05.png, 3, 0, 1, 
327_03.png, 3, 0, 0, 
0014_03.png, 0, 3, 3, 
303_01.png, 3, 0, 0, 
0076_03.png, 1, 3, 3, 
0036_04.png, 2, 1, 0, 
610_02.png, 3, 1, 0, 
782_01.png, 3, 0, 1, 
0183_02.png, 0, 3, 3, 
340_03.png, 3, 0, 1, 
0141_01.png, 2, 1, 1, 
709_02.png, 3, 0, 1, 
414_07.png, 3, 0, 0, 
344_05.png, 3, 1, 1, 
731_01.png, 3, 1, 0, 
732_04.png, 3, 0, 1, 
487_01.png, 4, 0, 0, 
0086_01.png, 2, 1, 1, 
282_01.png, 1, 3, 3, 
400_02.png, 3, 0, 0, 
457_01.png, 2, 0, 0, 
456_01.png, 2, 0, 0, 
557_01.png, 1, 3, 3, 
0085_04.png, 3, 0, 0, 
414_09.png, 3, 0, 0, 
342_06.png, 3, 0, 1, 
329_03.png, 2, 1, 0, 
0149_01.png, 3, 0, 0, 
600_03.png, 2, 1, 2, 
0193_01.png, 3, 0, 0, 
0114_01.png, 3, 0, 1, 
383_01.png, 3, 0, 0, 
0169_06.png, 2, 1, 1, 
385_02.png, 1, 3, 3, 
393_08.png, 1, 3, 3, 
0126_09.png, 2, 0, 1, 
672_01.png, 2, 0, 1, 
337_01.png, 3, 0, 1, 
0078_01.png, 2, 0, 1, 
0085_01.png, 3, 1, 0, 
524_01.png, 2, 0, 1, 
0150_01.png, 3, 0, 1, 
529_02.png, 3, 1, 1, 
0021_01.png, 0, 3, 3, 
301_07.png, 3, 0, 0, 
301_06.png, 3, 0, 0, 
380_02.png, 0, 3, 3, 
0013_01.png, 1, 3, 3, 
634_01.png, 2, 1, 0, 
823_01.png, 3, 0, 1, 
0073_01.png, 0, 3, 3, 
258_03.png, 3, 0, 0, 
0190_08.png, 3, 0, 1, 
359_02.png, 2, 0, 0, 
461_01.png, 1, 3, 3, 
319_01.png, 2, 1, 0, 
237_03.png, 3, 0, 1, 
409_01.png, 3, 0, 1, 
442_04.png, 3, 0, 1, 
0105_03.png, 3, 0, 1, 
0104_02.png, 3, 0, 0, 
275_07.png, 3, 0, 1, 
462_02.png, 2, 0, 0, 
591_02.png, 1, 3, 3, 
465_01.png, 3, 0, 0, 
0196_01.png, 4, 0, 0, 
202_08.png, 3, 0, 0, 
0091_03.png, 3, 1, 2, 
0139_01.png, 3, 0, 1, 
0069_03.png, 3, 0, 1, 
0190_06.png, 3, 0, 1, 
425_01.png, 4, 0, 0, 
834_03.png, 3, 0, 0, 
242_01.png, 1, 3, 3, 
847_01.png, 3, 0, 1, 
0107_02.png, 0, 3, 3, 
0131_03.png, 3, 1, 2, 
722_01.png, 0, 3, 3, 
788_01.png, 1, 3, 3, 
677_01.png, 3, 0, 0, 
477_01.png, 3, 0, 0, 
627_03.png, 3, 0, 0, 
853_03.png, 2, 0, 0, 
691_02.png, 2, 0, 0, 
704_02.png, 3, 0, 0, 
467_01.png, 3, 0, 0, 
0088_02.png, 2, 1, 1, 
0156_01.png, 3, 0, 0, 
0012_01.png, 0, 3, 3, 
218_03.png, 3, 0, 1, 
443_03.png, 3, 0, 0, 
586_01.png, 0, 3, 3, 
0077_01.png, 3, 0, 0, 
476_01.png, 3, 0, 0, 
216_03.png, 3, 0, 0, 
753_01.png, 3, 0, 0, 
0105_02.png, 3, 0, 0, 
0142_02.png, 2, 1, 1, 
330_03.png, 3, 0, 0, 
237_01.png, 2, 0, 0, 
317_01.png, 1, 3, 3, 
0146_03.png, 3, 0, 1, 
820_01.png, 3, 1, 0, 
325_02.png, 0, 3, 3, 
0054_02.png, 2, 0, 1, 
0081_01.png, 2, 1, 1, 
603_05.png, 3, 0, 1, 
649_06.png, 2, 1, 0, 
399_03.png, 0, 3, 3, 
726_01.png, 4, 0, 1, 
600_04.png, 0, 3, 3, 
767_04.png, 3, 0, 0, 
0134_01.png, 3, 0, 0, 
524_04.png, 2, 1, 0, 
475_04.png, 0, 3, 3, 
748_03.png, 3, 0, 0, 
651_01.png, 4, 1, 0, 
403_01.png, 3, 0, 2, 
576_01.png, 4, 0, 0, 
414_05.png, 3, 0, 0, 
342_07.png, 0, 3, 3, 
237_02.png, 4, 0, 1, 
849_02.png, 2, 0, 0, 
314_01.png, 3, 0, 0, 
629_05.png, 3, 0, 2, 
301_01.png, 3, 0, 0, 
0092_10.png, 3, 1, 0, 
434_03.png, 2, 0, 1, 
543_03.png, 3, 1, 0, 
0116_01.png, 3, 0, 1, 
799_01.png, 3, 0, 0, 
0094_03.png, 3, 1, 0, 
323_03.png, 3, 1, 1, 
444_04.png, 3, 0, 0, 
588_01.png, 3, 0, 0, 
295_01.png, 2, 0, 1, 
682_01.png, 1, 3, 3, 
710_01.png, 3, 0, 1, 
0119_02.png, 3, 1, 1, 
574_01.png, 1, 3, 3, 
0080_02.png, 3, 1, 0, 
311_03.png, 2, 1, 0, 
313_04.png, 3, 0, 0, 
571_01.png, 3, 0, 0, 
626_06.png, 3, 0, 0, 
561_01.png, 3, 0, 0, 
828_02.png, 2, 0, 1, 
812_01.png, 3, 0, 0, 
531_02.png, 3, 0, 1, 
201_01.png, 3, 0, 1, 
835_07.png, 3, 0, 0, 
344_04.png, 2, 0, 0, 
0151_02.png, 2, 1, 1, 
209_01.png, 3, 0, 0, 
300_03.png, 3, 0, 0, 
433_04.png, 2, 0, 0, 
0113_01.png, 3, 0, 0, 
0194_04.png, 1, 3, 3, 
232_03.png, 3, 0, 1, 
859_01.png, 1, 3, 3, 
575_01.png, 3, 0, 0, 
0172_06.png, 3, 0, 0, 
485_01.png, 3, 0, 1, 
510_02.png, 3, 0, 0, 
805_01.png, 3, 0, 0, 
658_05.png, 2, 0, 0, 
346_03.png, 2, 1, 0, 
0047_01.png, 0, 3, 3, 
640_03.png, 2, 0, 0, 
431_03.png, 0, 3, 3, 
724_04.png, 2, 0, 0, 
368_04.png, 2, 1, 0, 
0181_01.png, 3, 0, 0, 
401_05.png, 3, 0, 0, 
739_01.png, 3, 0, 0, 
0138_01.png, 3, 0, 0, 
821_03.png, 1, 3, 3, 
0015_01.png, 2, 1, 0, 
0094_02.png, 3, 0, 0, 
775_01.png, 3, 0, 0, 
333_02.png, 3, 0, 0, 
819_01.png, 2, 1, 0, 
553_01.png, 3, 0, 1, 
856_03.png, 2, 0, 1, 
556_02.png, 3, 0, 0, 
858_09.png, 3, 0, 0, 
508_05.png, 3, 0, 2, 
204_06.png, 3, 0, 0, 
0147_03.png, 2, 1, 1, 
434_06.png, 0, 3, 3, 
0031_01.png, 2, 0, 0, 
478_03.png, 3, 0, 0, 
201_05.png, 3, 0, 0, 
591_03.png, 3, 0, 1, 
624_01.png, 4, 0, 1, 
546_02.png, 3, 0, 0, 
0052_03.png, 3, 0, 1, 
0085_02.png, 3, 0, 0, 
838_02.png, 3, 0, 0, 
457_02.png, 3, 0, 0, 
577_01.png, 0, 3, 3, 
0152_01.png, 3, 0, 0, 
631_07.png, 3, 0, 1, 
214_01.png, 0, 3, 3, 
506_02.png, 3, 0, 0, 
0075_01.png, 3, 0, 0, 
340_02.png, 1, 3, 3, 
0013_02.png, 1, 3, 3, 
341_02.png, 1, 3, 3, 
0083_02.png, 3, 1, 1, 
0069_02.png, 3, 0, 0, 
353_01.png, 3, 0, 0, 
414_04.png, 3, 0, 0, 
268_01.png, 1, 3, 3, 
0143_01.png, 2, 0, 0, 
0034_02.png, 2, 0, 0, 
436_03.png, 2, 0, 1, 
406_05.png, 2, 0, 1, 
508_01.png, 0, 3, 3, 
420_03.png, 3, 0, 0, 
834_01.png, 4, 0, 0, 
633_02.png, 1, 3, 3, 
0170_04.png, 1, 3, 3, 
0039_02.png, 3, 1, 2, 
486_01.png, 4, 0, 0, 
0105_07.png, 3, 0, 0, 
402_02.png, 3, 0, 0, 
752_02.png, 3, 0, 0, 
0174_01.png, 3, 0, 0, 
562_02.png, 2, 0, 1, 
302_02.png, 2, 0, 0, 
504_01.png, 3, 0, 1, 
715_01.png, 3, 0, 0, 
727_01.png, 3, 1, 2, 
0130_09.png, 1, 3, 3, 
588_09.png, 2, 1, 0, 
302_01.png, 3, 0, 0, 
684_01.png, 3, 0, 0, 
0130_08.png, 0, 3, 3, 
382_01.png, 4, 0, 0, 
390_01.png, 3, 0, 1, 
0087_01.png, 3, 0, 0, 
811_03.png, 1, 3, 3, 
0066_05.png, 4, 0, 0, 
0099_01.png, 3, 0, 0, 
0079_03.png, 1, 3, 3, 
634_02.png, 3, 0, 0, 
716_03.png, 2, 0, 0, 
248_02.png, 4, 0, 0, 
484_01.png, 3, 0, 0, 
595_02.png, 0, 3, 3, 
0019_03.png, 3, 1, 1, 
0184_02.png, 3, 0, 1, 
350_03.png, 2, 1, 0, 
393_03.png, 1, 3, 3, 
0072_03.png, 0, 3, 3, 
0071_03.png, 1, 3, 3, 
0038_01.png, 1, 3, 3, 
0053_03.png, 0, 3, 3, 
701_02.png, 1, 3, 3, 
305_01.png, 3, 0, 0, 
420_05.png, 2, 0, 0, 
255_02.png, 1, 3, 3, 
201_06.png, 3, 0, 1, 
0168_05.png, 3, 0, 0, 
0084_01.png, 3, 0, 0, 
0166_02.png, 3, 0, 1, 
359_01.png, 3, 0, 0, 
328_01.png, 4, 0, 0, 
730_02.png, 2, 1, 0, 
806_01.png, 0, 3, 3, 
667_02.png, 3, 0, 2, 
0016_01.png, 2, 1, 0, 
684_03.png, 0, 3, 3, 
328_03.png, 4, 0, 1, 
210_05.png, 3, 0, 1, 
543_01.png, 3, 0, 0, 
468_03.png, 2, 1, 0, 
0009_01.png, 2, 1, 0, 
761_03.png, 3, 0, 1, 
528_03.png, 3, 0, 0, 
479_02.png, 3, 0, 0, 
204_01.png, 3, 0, 0, 
0059_01.png, 3, 0, 0, 
805_03.png, 1, 3, 3, 
208_06.png, 3, 0, 0, 
808_04.png, 3, 0, 1, 
591_04.png, 3, 0, 0, 
340_04.png, 1, 3, 3, 
439_05.png, 0, 3, 3, 
607_10.png, 2, 0, 0, 
238_01.png, 1, 3, 3, 
276_04.png, 1, 3, 3, 
644_01.png, 2, 0, 0, 
481_03.png, 3, 0, 1, 
0187_02.png, 3, 0, 1, 
298_03.png, 1, 3, 3, 
483_04.png, 3, 0, 1, 
439_01.png, 4, 0, 0, 
0023_02.png, 2, 1, 1, 
800_01.png, 4, 0, 0, 
0072_04.png, 2, 0, 1, 
798_01.png, 4, 0, 0, 
0042_06.png, 3, 0, 1, 
324_03.png, 4, 1, 1, 
0130_05.png, 3, 0, 1, 
268_04.png, 3, 0, 0, 
0123_01.png, 3, 0, 1, 
367_01.png, 2, 0, 0, 
706_01.png, 2, 1, 0, 
0154_01.png, 3, 0, 0, 
854_01.png, 3, 0, 0, 
496_06.png, 3, 0, 0, 
243_01.png, 2, 0, 1, 
431_05.png, 3, 0, 0, 
492_01.png, 3, 0, 0, 
496_07.png, 2, 0, 0, 
591_01.png, 3, 0, 0, 
0097_02.png, 3, 0, 1, 
755_01.png, 2, 0, 0, 
0173_02.png, 0, 3, 3, 
324_06.png, 3, 0, 0, 
409_04.png, 3, 0, 1, 
618_01.png, 1, 3, 3, 
676_01.png, 3, 0, 1, 
603_03.png, 3, 0, 0, 
0058_03.png, 3, 0, 1, 
631_01.png, 2, 1, 0, 
393_10.png, 3, 0, 0, 
479_03.png, 2, 0, 0, 
244_01.png, 3, 0, 0, 
608_03.png, 2, 0, 2, 
490_02.png, 3, 0, 0, 
593_02.png, 0, 3, 3, 
0105_05.png, 2, 1, 1, 
331_03.png, 2, 0, 0, 
678_02.png, 3, 1, 1, 
621_02.png, 3, 0, 1, 
470_01.png, 3, 0, 0, 
0052_01.png, 2, 0, 0, 
547_06.png, 2, 0, 0, 
319_06.png, 2, 1, 0, 
361_01.png, 4, 0, 0, 
341_01.png, 3, 0, 0, 
639_02.png, 2, 1, 0, 
0007_02.png, 2, 1, 0, 
434_01.png, 0, 3, 3, 
347_04.png, 2, 0, 1, 
0074_05.png, 1, 3, 3, 
270_01.png, 0, 3, 3, 
826_02.png, 3, 0, 0, 
838_01.png, 4, 0, 0, 
354_04.png, 1, 3, 3, 
372_04.png, 4, 0, 0, 
275_06.png, 2, 1, 1, 
802_02.png, 3, 0, 0, 
436_08.png, 3, 1, 1, 
0109_02.png, 3, 0, 0, 
475_02.png, 3, 0, 1, 
525_03.png, 3, 0, 0, 
342_05.png, 0, 3, 3, 
331_05.png, 3, 0, 0, 
497_03.png, 4, 0, 1, 
326_02.png, 2, 0, 1, 
503_01.png, 1, 3, 3, 
412_03.png, 2, 0, 0, 
626_08.png, 2, 0, 0, 
781_03.png, 2, 0, 0, 
855_01.png, 3, 0, 0, 
566_03.png, 0, 3, 3, 
532_01.png, 3, 0, 0, 
657_04.png, 1, 3, 3, 
714_01.png, 3, 0, 0, 
453_01.png, 2, 0, 0, 
796_02.png, 2, 0, 0, 
345_03.png, 1, 3, 3, 
653_01.png, 3, 0, 0, 
0015_02.png, 1, 3, 3, 
808_03.png, 3, 0, 0, 
647_01.png, 3, 0, 0, 
204_03.png, 3, 0, 0, 
618_02.png, 2, 0, 1, 
607_05.png, 3, 1, 1, 
299_02.png, 0, 3, 3, 
0130_01.png, 3, 0, 0, 
861_08.png, 0, 3, 3, 
364_01.png, 3, 0, 0, 
781_04.png, 2, 1, 0, 
516_03.png, 4, 0, 1, 
625_03.png, 3, 0, 0, 
0058_02.png, 2, 0, 1, 
770_01.png, 3, 0, 0, 
0098_01.png, 3, 0, 1, 
383_03.png, 3, 0, 0, 
0131_02.png, 3, 0, 0, 
728_01.png, 3, 0, 0, 
206_02.png, 3, 1, 1, 
800_02.png, 1, 3, 3, 
842_01.png, 3, 0, 0, 
456_04.png, 3, 1, 0, 
218_01.png, 3, 0, 1, 
490_03.png, 3, 0, 0, 
0112_04.png, 3, 1, 0, 
806_03.png, 1, 3, 3, 
293_01.png, 3, 0, 0, 
427_02.png, 2, 0, 1, 
317_02.png, 0, 3, 3, 
0177_02.png, 3, 1, 2, 
0148_04.png, 2, 1, 1, 
839_04.png, 3, 1, 1, 
248_03.png, 4, 0, 1, 
245_01.png, 0, 3, 3, 
0079_04.png, 2, 1, 0, 
535_02.png, 3, 0, 0, 
443_01.png, 3, 0, 0, 
432_02.png, 3, 0, 0, 
430_05.png, 3, 0, 0, 
0146_02.png, 3, 0, 1, 
0155_01.png, 3, 0, 0, 
248_01.png, 2, 1, 1, 
0009_02.png, 2, 0, 1, 
506_01.png, 3, 0, 0, 
810_01.png, 3, 0, 0, 
399_04.png, 3, 1, 0, 
793_01.png, 3, 0, 1, 
433_02.png, 3, 0, 1, 
328_04.png, 4, 0, 1, 
321_03.png, 3, 0, 0, 
825_01.png, 2, 0, 0, 
648_07.png, 3, 0, 0, 
733_01.png, 0, 3, 3, 
469_01.png, 2, 0, 0, 
0052_04.png, 3, 1, 2, 
541_03.png, 1, 3, 3, 
351_03.png, 3, 0, 1, 
0126_08.png, 2, 0, 0, 
559_03.png, 4, 0, 0, 
0074_04.png, 3, 0, 1, 
0025_02.png, 1, 3, 3, 
0088_01.png, 3, 0, 2, 
494_02.png, 3, 1, 0, 
553_02.png, 2, 0, 0, 
786_01.png, 3, 1, 0, 
0119_01.png, 3, 0, 1, 
0042_05.png, 3, 0, 0, 
240_01.png, 3, 0, 1, 
0029_02.png, 1, 3, 3, 
0173_05.png, 3, 0, 1, 
260_03.png, 3, 1, 1, 
460_02.png, 3, 0, 0, 
532_02.png, 2, 1, 1, 
654_03.png, 1, 3, 3, 
520_03.png, 3, 0, 0, 
605_01.png, 3, 0, 1, 
698_03.png, 0, 3, 3, 
300_01.png, 4, 0, 0, 
634_05.png, 2, 0, 0, 
626_05.png, 0, 3, 3, 
602_01.png, 3, 0, 1, 
369_01.png, 3, 0, 0, 
0046_01.png, 1, 3, 3, 
220_02.png, 3, 0, 1, 
0179_02.png, 4, 0, 1, 
324_02.png, 3, 1, 1, 
0057_04.png, 1, 3, 3, 
807_02.png, 2, 0, 1, 
607_08.png, 4, 1, 0, 
592_01.png, 0, 3, 3, 
617_01.png, 3, 0, 0, 
835_09.png, 2, 0, 1, 
572_02.png, 3, 0, 2, 
661_01.png, 3, 0, 0, 
607_04.png, 3, 0, 0, 
336_01.png, 3, 0, 0, 
353_03.png, 3, 0, 0, 
406_04.png, 2, 0, 1, 
710_02.png, 2, 0, 0, 
630_04.png, 3, 0, 0, 
280_01.png, 3, 0, 1, 
739_02.png, 3, 1, 1, 
392_04.png, 2, 0, 0, 
590_04.png, 3, 0, 0, 
757_02.png, 0, 3, 3, 
200_01.png, 0, 3, 3, 
256_01.png, 2, 0, 0, 
217_01.png, 4, 0, 0, 
0044_02.png, 0, 3, 3, 
412_04.png, 2, 0, 0, 
456_03.png, 2, 0, 0, 
388_01.png, 3, 0, 0, 
0063_03.png, 0, 3, 3, 
644_02.png, 3, 0, 0, 
0096_01.png, 0, 3, 3, 
671_01.png, 4, 1, 0, 
315_02.png, 0, 3, 3, 
212_04.png, 2, 0, 1, 
616_01.png, 3, 0, 0, 
861_03.png, 4, 0, 0, 
0088_03.png, 3, 1, 0, 
589_02.png, 3, 1, 0, 
860_01.png, 2, 0, 1, 
0065_03.png, 0, 3, 3, 
371_02.png, 3, 0, 0, 
824_04.png, 4, 0, 0, 
0047_02.png, 1, 3, 3, 
0062_01.png, 3, 0, 0, 
0130_02.png, 3, 0, 1, 
384_02.png, 3, 0, 1, 
458_03.png, 3, 1, 1, 
233_01.png, 0, 3, 3, 
390_03.png, 3, 1, 0, 
401_02.png, 2, 0, 0, 
373_01.png, 3, 0, 0, 
816_02.png, 3, 1, 0, 
463_02.png, 3, 1, 1, 
0010_01.png, 0, 3, 3, 
358_01.png, 3, 0, 1, 
515_03.png, 3, 0, 1, 
0176_04.png, 3, 0, 1, 
848_02.png, 3, 0, 0, 
478_02.png, 3, 0, 1, 
564_02.png, 2, 1, 0, 
520_02.png, 1, 3, 3, 
593_03.png, 2, 0, 1, 
477_03.png, 1, 3, 3, 
261_03.png, 4, 1, 0, 
0152_02.png, 3, 1, 0, 
648_08.png, 4, 0, 0, 
274_01.png, 3, 0, 1, 
685_01.png, 3, 1, 1, 
422_01.png, 1, 3, 3, 
635_01.png, 3, 0, 0, 
808_05.png, 3, 0, 0, 
517_02.png, 3, 0, 0, 
0106_02.png, 2, 0, 0, 
459_02.png, 1, 3, 3, 
256_02.png, 3, 0, 1, 
0127_02.png, 3, 1, 0, 
437_01.png, 2, 0, 1, 
400_03.png, 3, 0, 0, 
549_01.png, 3, 0, 0, 
858_03.png, 3, 0, 1, 
608_02.png, 3, 0, 0, 
204_05.png, 2, 0, 1, 
790_03.png, 3, 0, 0, 
0074_01.png, 3, 0, 0, 
629_07.png, 2, 0, 1, 
603_04.png, 3, 0, 0, 
294_01.png, 3, 0, 0, 
0102_03.png, 2, 1, 1, 
440_01.png, 3, 1, 0, 
0036_02.png, 0, 3, 3, 
0026_01.png, 1, 3, 3, 
541_02.png, 2, 1, 1, 
603_02.png, 3, 0, 0, 
0081_02.png, 3, 0, 0, 
0177_03.png, 3, 0, 0, 
631_09.png, 3, 0, 1, 
719_02.png, 3, 0, 0, 
363_06.png, 3, 1, 0, 
590_02.png, 0, 3, 3, 
475_03.png, 4, 0, 0, 
684_02.png, 1, 3, 3, 
858_01.png, 3, 0, 0, 
751_03.png, 4, 0, 0, 
861_01.png, 2, 0, 0, 
204_04.png, 1, 3, 3, 
0083_01.png, 3, 1, 0, 
546_01.png, 2, 0, 0, 
758_01.png, 4, 0, 0, 
455_01.png, 1, 3, 3, 
826_01.png, 3, 0, 0, 
251_01.png, 2, 2, 0, 
632_04.png, 3, 0, 0, 
436_06.png, 3, 0, 0, 
694_01.png, 3, 0, 0, 
626_03.png, 2, 0, 0, 
282_03.png, 0, 3, 3, 
0108_03.png, 2, 0, 1, 
323_02.png, 4, 0, 0, 
458_01.png, 2, 0, 1, 
204_02.png, 3, 0, 1, 
615_04.png, 4, 0, 0, 
812_02.png, 2, 0, 0, 
0175_04.png, 2, 1, 1, 
0101_01.png, 3, 0, 0, 
0195_04.png, 2, 0, 0, 
726_04.png, 1, 3, 3, 
342_02.png, 1, 3, 3, 
0139_02.png, 2, 1, 1, 
207_01.png, 1, 3, 3, 
492_02.png, 3, 0, 2, 
297_02.png, 3, 0, 1, 
0051_02.png, 0, 3, 3, 
0009_04.png, 0, 3, 3, 
516_04.png, 2, 1, 1, 
208_01.png, 2, 0, 0, 
457_04.png, 3, 1, 0, 
341_05.png, 2, 1, 0, 
0057_02.png, 3, 0, 1, 
589_01.png, 0, 3, 3, 
363_05.png, 3, 0, 0, 
0092_06.png, 3, 0, 0, 
214_03.png, 3, 0, 0, 
633_01.png, 2, 0, 0, 
350_05.png, 3, 0, 1, 
858_08.png, 3, 0, 1, 
817_01.png, 3, 1, 0, 
805_02.png, 2, 0, 0, 
0059_03.png, 3, 1, 1, 
287_01.png, 4, 0, 0, 
406_02.png, 1, 3, 3, 
